headline,cities,latitude,longitude,countrycode,cluster
"Zika Outbreak Hits Miami
",Miami,25.77427,-80.19366,US,0
"Could Zika Reach New York City?
",New York City,40.71427,-74.00596999999999,US,0
"First Case  Zika in Miami Beach
",Miami,25.77427,-80.19366,US,0
"Mystery Virus Spreads in Recife, Brazil
",Recife,-8.053889999999999,-34.88111,BR,1
"Dallas man comes down with case  Zika
",Dallas,32.78306,-96.80667,US,0
"Trinidad confirms first Zika case
",Trinidad,-14.833329999999998,-64.9,BO,-1
"Zika Concerns are Spreading in Houston
",Houston,29.763279999999998,-95.36327,US,0
"The CDC in Atlanta is Growing Worried
",Atlanta,33.749,-84.38798,US,0
"Brownsville teen contracts Zika virus
",Brownsville,25.82176,-80.24116,US,0
"Mosquito control efforts in St. Louis take new tactics with Zika threat
",St. Louis,38.62727,-90.19789,US,0
"San Juan reports 1st U.S. Zika-related death amid outbreak
",San Juan,-31.5375,-68.53639,AR,2
"Flu outbreak in Galveston, Texas
",Galveston,29.30135,-94.7977,US,0
"Zika alert – Manila now threatened
",Manila,14.6042,120.9822,PH,3
"Zika afflicts 7 in Iloilo City
",Iloilo,10.69694,122.56443999999999,PH,3
"New Los Angeles Hairstyle goes Viral
",Los Angeles,34.05223,-118.24368,US,0
"Orlando volunteers aid Zika research
",Orlando,28.53834,-81.37924,US,0
"Chicago's First Zika Case Confirmed
",Chicago,41.85003,-87.65005,US,0
"Tampa Bay Area Zika Case Count Climbs
",Tampa,27.94752,-82.45843,US,0
"Bad Water Leads to Sickness in Flint, Michigan
",Flint,53.24488,-3.13231,GB,4
"Baltimore plans for Zika virus
",Baltimore,39.29038,-76.61219,US,0
"London Health Unit Tracks Mad Cow Disease
",London,42.98339,-81.23304,CA,0
"Zika cases in Vietnam's Ho Chi Minh City surge
",Ho,6.60084,0.4713,GH,5
"Philadelphia experts track pandemic
",Philadelphia,39.952329999999996,-75.16379,US,0
"Flu season hits Boston
",Boston,52.976330000000004,-0.026639999999999997,GB,4
"Scientists in Paris to look for answers
",Paris,48.85341,2.3488,FR,4
"Key Zika Findings in San Diego Institute
",San Diego,9.89898,-84.00287,CR,0
"Thailand-Zika Virus in Bangkok
",Bangkok,13.753979999999999,100.50144,TH,6
"Beijing team cracks Zika secret
",Beijing,39.9075,116.39723000000001,CN,6
"Zika spreading to Salvador
",Salvador,-12.971110000000001,-38.51083,BR,1
"Kuala Lumpur is Hit By Zika Threat
",Kuala Lumpur,3.1412,101.68653,MY,7
"First Zika case confirmed in Yangon
",Yangon,16.80528,96.15611,MM,6
"Tallahassee Doctors Discuss Zika Virus
",Tallahassee,30.438259999999996,-84.28073,US,0
"Zika Virus Reaches San Francisco
",San Francisco,-31.427970000000002,-62.08266,AR,2
"New Vaccine on Trial in Bethesda District
",Bethesda,38.98067,-77.10025999999999,US,0
"Townsville Zika tests inconclusive
",Townsville,-19.266389999999998,146.80569,AU,8
"Mandaluyong City under Siege by Virus
",Mandaluyong City,14.5832,121.0409,PH,3
"Hepatitis E re-emerges in Santa Rosa
",Santa Rosa,-36.61667,-64.28333,AR,2
"Zika worries in San Salvador
",San,13.30335,-4.89562,ML,9
"Zika virus reported in Cleveland
",Cleveland,35.15952,-84.87661,US,0
"More Zika patients reported in Austin
",Austin,30.26715,-97.74306,US,0
"Zika outbreak in Piracicaba, Brazil
",Piracicaba,-22.725279999999998,-47.64917,BR,2
"Lima tries to address Zika Concerns
",Lima,-12.04318,-77.02824,PE,0
"More people in Toronto are infected with Hepatitis E every year
",Toronto,43.700109999999995,-79.4163,CA,0
"Brisbane is infested with Meningitis
",Brisbane,-27.467940000000002,153.02809,AU,8
"Cholera outbreak in Dakar
",Dakar,14.6937,-17.44406,SN,-1
"Zika Virus Transmission Detected in Havana
",Havana,23.133020000000002,-82.38304000000001,CU,0
"Zika symtomps spotted in Key West
",Key West,24.555239999999998,-81.78163,US,0
"Case  Measles Reported in Vancouver
",Vancouver,49.24966,-123.11934,CA,0
"Seattle scientists get $500,000 grant to pursue Zika vaccine New 7:50 pm
",Seattle,47.60621,-122.33207,US,0
"Nashville takes precautions against Zika
",Nashville,36.165890000000005,-86.78444,US,0
"Saint Croix under Zika threat
",Saint Croix,17.727510000000002,-64.74698000000001,VI,0
"Fort Collins Encounters Severe Symptoms  Gonorrhea
",Fort Collins,40.58526,-105.08442,US,0
"Zika surfaces in Klang, Malaysia
",Klang,3.03667,101.44333,MY,7
"Rumors about Meningitis spreading in Guatemala City have been refuted
",Guatemala City,14.640720000000002,-90.51326999999999,GT,0
"Madison lab developing vaccine against Zika virus [The Wisconsin State Journal]
",Madison,34.699259999999995,-86.74833000000001,US,0
"New Zika Case Confirmed in Sarasota County
",Sarasota,27.33643,-82.53065,US,0
"Lower Hospitalization in Entebbe after Rabies Vaccine becomes Mandatory
",Entebbe,0.05621,32.479490000000006,UG,10
"Jacksonville man hit by Zika
",Jacksonville,34.8662,-92.11015,US,0
"Schools in Shenzhen Closed Due to Malaria Outbreak
",Shenzhen,22.54554,114.0683,CN,6
"Caracas patient dies
",Caracas,10.488010000000001,-66.87919000000001,VE,0
"More Quezon City Zika Transmissions
",Quezon City,14.6488,121.0509,PH,3
"Schools in Sydney Closed Due to Respiratory Syncytial Virus Outbreak
",Sydney,-33.86785,151.20731999999998,AU,8
"Mumbai's Health Minister warns  more Zika cases
",Mumbai,19.07283,72.88261,IN,6
"Pune woman diagnosed with Zika
",Pune,18.51957,73.85535,IN,6
"Hospitals in Hanoi fill up with Zika patients
",Hanoi,21.0245,105.84116999999999,VN,6
"Authorities are Worried about  Spread  Bronchitis in Silver Spring
",Silver Spring,38.99067,-77.02609,US,0
"Zika: Delhi for strict monitoring
",Delhi,28.65195,77.23149000000001,IN,6
"Belize City under threat from Zika
",Belize City,17.49952,-88.19756,BZ,0
"Student sick in Campinas, Brazil
",Campinas,-22.90556,-47.060829999999996,BR,2
"More Zika cases in Soyapango
",Soyapango,13.710239999999999,-89.13989000000001,SV,0
"Authorities are Worried about  Spread  Mad Cow Disease in Rome
",Rome,41.89193,12.511330000000001,IT,4
"Seoul confirms 14th Zika infection
",Seoul,37.566,126.9784,KR,-1
"Zika outbreak spreads to Mexico City
",Mexico City,19.42847,-99.12765999999999,MX,0
"Rochester authorities confirmed  spread  Dengue
",Rochester,51.387640000000005,0.50546,GB,4
"El Paso fighting Zika
",El Paso,31.75872,-106.48693,US,0
"Zika now spreading through Jakarta
",Jakarta,-6.21462,106.84513000000001,ID,-1
"Salt Lake City tests new cure for Respiratory Syncytial Virus
",Salt,41.97489,2.79281,ES,4
"Zika San Antonio Patient Speaks Out
",San Antonio,-33.59473,-71.60746,CL,2
"Ebola outbreak in Kampala
",Kampala,0.31628,32.582190000000004,UG,10
"Precautionary Zika measures in Rockhampton
",Rockhampton,-23.38032,150.50595,AU,8
"Zika arrives in Tegucigalpa
",Tegucigalpa,14.0818,-87.20681,HN,0
"New Zika Case Confirmed in Belo Horizonte
",Belo Horizonte,-19.92083,-43.93778,BR,2
"Case  Hepatitis E Reported in Melbourne
",Melbourne,-37.814,144.96331999999998,AU,8
"First Columbus Zika case
",Columbus,32.46098,-84.98770999999999,US,0
"New medicine wipes out Tuberculosis in Taipei
",Taipei,25.04776,121.53185,TW,6
"Zika Patient in Seminole, Florida
",Seminole,27.83975,-82.79120999999999,US,0
"Antipolo under threat from Zika Virus
",Antipolo,14.625779999999999,121.12251,PH,3
"Spreading Zika reaches Bacoor
",Bacoor,14.458960000000001,120.93851000000001,PH,3
"Can Zika make it here to Vero Beach?
",Vero Beach,27.638640000000002,-80.39726999999999,US,0
"Zika afflicts patient in Calamba
",Calamba,14.211670000000002,121.16528000000001,PH,3
"Hollywood Outbreak Film Premieres
",Hollywood,26.0112,-80.14949,US,0
"Petaling Jaya man ill from Zika
",Petaling Jaya,3.1072599999999997,101.60670999999999,MY,7
"Malaria is Spreading in Johannesburg
",Johannesburg,-26.202270000000002,28.04363,ZA,-1
"Authorities are Worried about  Spread  Norovirus in Buenos Aires
",Buenos Aires,-34.61315,-58.377230000000004,AR,2
"Guangzhou Patient in Critical Condition after Contracting Swine Flu
",Guangzhou,23.116670000000003,113.25,CN,6
"Doral hit by Deadly Virus
",Doral,25.81954,-80.35533000000001,US,0
"Tokyo Encounters Severe Symptoms  Meningitis
",Tokyo,35.6895,139.69171,JP,11
"Rabies Exposure in Hamilton
",Hamilton,32.2949,-64.78303000000001,BM,-1
"Authorities are Worried about  Spread  Influenza in Savannah
",Savannah,32.08354,-81.09983000000001,US,0
"Zika Outbreak in Hyderabad
",Hyderabad,17.38405,78.45636,IN,6
"Birmingham Residents Recieve Rabies vaccine
",Birmingham,52.48141999999999,-1.89983,GB,4
"Is Zika virus in Majuro?
",Majuro,7.08971,171.38027,MH,-1
"HIV has Arrived in Fairfax
",Fairfax,38.84622,-77.30637,US,0
"Spanish Flu Outbreak in Barcelona
",Barcelona,41.38879,2.15899,ES,4
"Santa Barbara tests new cure for Hepatitis C
",Santa Barbara,16.0009,120.4023,PH,3
"Spring break ruined by Zika in Fort Lauderdale
",Spring,30.07994,-95.41716,US,0
"Villavicencio under Zika threat
",Villavicencio,4.1419999999999995,-73.62664000000001,CO,0
"Two more Zika cases confirmed in Laredo
",Laredo,-8.08965,-78.9602,PE,0
"New Delhi Addressing Zika Concerns
",New Delhi,28.635759999999998,77.22445,IN,6
"New Zika Case in Kota Kinabalu, Malaysia
",Kota,25.18254,75.83906999999999,IN,6
"New medicine wipes out West Nile Virus in Ventura
",Ventura,34.27834,-119.29316999999999,US,0
"Meningitis re-emerges in Nassau
",Nassau,25.05823,-77.34306,BS,0
"Zika reaches Johor Bahru, Malaysia
",Johor Bahru,1.4655,103.7578,MY,7
"Nha Trang Zika Outbreak
",Nha Trang,12.24507,109.19431999999999,VN,6
"First Zika Case in Cincinnati
",Cincinnati,39.127109999999995,-84.51439,US,0
"Molo Cholera Spread Causing Concern
",Molo,-0.24849000000000002,35.73194,KE,10
"Norovirus Exposure in Hong Kong
",Hong Kong,22.27832,114.17468999999998,HK,6
"19 new Zika Cases in Sengkang
",Sengkang,-4.1279,120.0297,ID,-1
"Zika cases concern Charlotte residents
",Charlotte,35.227090000000004,-80.84313,US,0
"Batangas Tourism Takes  Hit as Virus Spreads
",Batangas,13.7567,121.0584,PH,3
"Johannesburg Patient in Critical Condition after Contracting Pneumonia
",Johannesburg,-26.202270000000002,28.04363,ZA,-1
"Outbreak  Zika in Bacolod City
",Bacolod City,10.66667,122.95,PH,3
"Respiratory Syncytial Virus Keeps Spreading in Masaya
",Masaya,11.97444,-86.09416999999999,NI,0
"Spike  Pneumonia Cases in Springfield
",Springfield,39.80172,-89.64371,US,0
"Zika case reported in Jupiter
",Jupiter,26.93422,-80.09421,US,0
"Zika virus confirmed in Westchester
",Westchester,25.754820000000002,-80.32727,US,0
"Authorities are Worried about  Spread  Tuberculosis in Abuja
",Abuja,9.05785,7.495080000000001,NG,5
"Rumors about Hepatitis D Spreading in San Juan Capistrano have been Refuted
",San Juan,-31.5375,-68.53639,AR,2
"The Spread  Measles in Spokane has been Confirmed
",Spokane,47.659659999999995,-117.42908,US,0
"Zika alert for Rio Grande Valley residents
",Rio Grande,-32.035,-52.09861,BR,2
"Zika symptoms spotted in Colombo
",Colombo,-25.29167,-49.22417,BR,2
"West Nile Virus Outbreak in Louisville
",Louisville,38.25424,-85.75941,US,0
"New details in Baton Rouge cop killings
",Baton Rouge,30.44332,-91.18746999999999,US,0
"Hepatitis B has not Left Florence
",Florence,43.77925,11.246260000000001,IT,4
"More Zika patients reported in Pensacola
",Pensacola,30.42131,-87.21691,US,0
"Outbreak  Zika in Corpus Christi
",Corpus Christi,27.80058,-97.39638000000001,US,0
"How to Avoid Rhinovirus in Lemon Grove
",Lemon Grove,32.74255,-117.03142,US,0
"Rumors about Rotavirus spreading in Huntsville have been refuted
",Huntsville,45.33341,-79.21632,CA,0
"Rhinovirus has Arrived in Athens
",Athens,37.98376,23.72784,GR,-1
"Outbreak  Zika in Panama City
",Panama City,30.15946,-85.65983,US,0
"Measles has not Left Brooklyn
",Brooklyn,40.6501,-73.94958000000001,US,0
"Escondido neighborhood to get sprayed for Zika virus
",Escondido,33.119209999999995,-117.08641999999999,US,0
"Zika in Belmont, Belmont worry
",Belmont,42.39593,-71.17867,US,0
"Influenza has not Left Sacramento
",Sacramento,-19.86528,-47.44,BR,2
"Veracruz hit by Zika Concerns
",Veracruz,19.18095,-96.1429,MX,0
"Case  Mumps Reported in Dayton
",Dayton,39.75895,-84.19161,US,0
"Authorities are Worried about  Spread  Dengue in Kingston
",Kingston,44.22976,-76.48098,CA,0
"Gainesville Deals with Disease Concerns
",Gainesville,29.651629999999997,-82.32483,US,0
"Montevideo Encounters Severe Symptoms  Rotavirus
",Montevideo,-34.90328,-56.188159999999996,UY,2
"Varicella Keeps Spreading in Detroit
",Detroit,42.33143,-83.04575,US,0
"Zika cases in Singapore reach 393
",Singapore,1.28967,103.85007,SG,7
"Manhattan Residents Recieve HIV vaccine
",Manhattan,39.183609999999994,-96.57167,US,0
"Zika arrives in Miri
",Miri,4.39928,113.99163,MY,7
"Rumors about Dengue Spreading in Syracuse have been Refuted
",Syracuse,43.048120000000004,-76.14742,US,0
"Will Norovirus vaccine help Raleigh?
",Raleigh,35.7721,-78.63861,US,0
"Lower Hospitalization in Auckland after Hepatitis D Vaccine becomes Mandatory
",Auckland,-36.84853,174.76349,NZ,-1
"How to Avoid Gonorrhea in Shreveport
",Shreveport,32.52515,-93.75018,US,0
"Ithaca is infested with Dengue
",Ithaca,42.44063,-76.49661,US,0
"Will MCD vaccine help Strasbourg?
",Strasbourg,48.58392,7.7455300000000005,FR,4
"New medicine wipes out Measles in Fresno
",Fresno,5.15264,-75.03624,CO,0
"BREAKING – Zika in Missoula
",Missoula,46.87215,-113.994,US,0
"Zika arrives in Santos
",Santos,-23.960829999999998,-46.33361,BR,2
"Sick Livestock Leads to Serious Trouble for Belfort
",Belfort,47.642179999999996,6.85385,FR,4
"Hepatitis E has not Left Libreville
",Libreville,0.39241,9.453560000000001,GA,13
"New medicine wipes out Chikungunya in Tucson
",Tucson,32.221740000000004,-110.92648,US,0
"Norovirus has Arrived in Winnipeg
",Winnipeg,49.8844,-97.14704,CA,0
"Hepatitis B Comes to Kansas City
",Kansas City,39.11417,-94.62746,US,0
"More Patients in Cambridge are Getting Diagnosed with Chickenpox
",Cambridge,43.3601,-80.31269,CA,0
"Chikungunya Exposure in Toledo
",Toledo,-24.71361,-53.74306,BR,2
"Is Lafayette prepared to combat Zika?
",Lafayette,30.224090000000004,-92.01984,US,0
"Mecca tests new cure for Chikungunya
",Mecca,21.42664,39.82563,SA,14
"Zika arrives in San Benito
",San Benito,16.91675,-89.91898,GT,0
"Syphilis Outbreak in Harrisburg
",Harrisburg,40.2737,-76.88441999999999,US,0
"Zika Arrives in North Miami
",North Miami,25.89009,-80.18670999999999,US,0
"Urbana Encounters Severe Symptoms  Meningitis
",Urbana,40.11059,-88.20727,US,0
"Pittsburgh Residents Recieve Norovirus vaccine
",Pittsburgh,40.44062,-79.99589,US,0
"Chikungunya Hits Denver
",Denver,39.73915,-104.9847,US,0
"Zika case recorded in Tunapuna »
",Tunapuna,10.65245,-61.388780000000004,TT,0
"Spike  Respiratory Syncytial Virus Cases in Mandalay
",Mandalay,21.974729999999997,96.08359,MM,6
"HIV Keeps Spreading in Boulder
",Boulder,40.014990000000004,-105.27055,US,0
"Will Tuberculosis vaccine help Rockville?
",Rockville,39.084,-77.15276,US,0
"Mad Cow Disease Re-emerges in Chatham
",Chatham,42.412240000000004,-82.18494,CA,0
"Zika Virus Arrives in Ontario
",Ontario,34.063340000000004,-117.65088999999999,US,0
"Mad Cow Disease Hits Naples
",Naples,40.85216,14.26811,IT,4
"More Zika patients reported in Davao
",Davao,7.073060000000001,125.61278,PH,3
"The Spread  Chikungunya in Arcadia has been Confirmed
",Arcadia,34.13973,-118.03533999999999,US,0
"Oxford tests new cure for HIV
",Oxford,51.75222,-1.25596,GB,4
"Outbreak  Zika in Stephenville
",Stephenville,32.2207,-98.20226,US,0
"Providence Encounters Severe Symptoms  Dengue
",Providence,41.82399,-71.41283,US,0
"Tests negative on Windsor Zika carriers
",Windsor,42.30008,-83.01654,CA,0
"Zika battle outlined at Valdosta meeting
",Valdosta,30.833340000000003,-83.28031999999999,US,0
"Zika case reported in Coral Gables
",Coral Gables,25.72149,-80.26838000000001,US,0
"Hepatitis C Outbreak in Danbury
",Danbury,41.39482,-73.45401,US,0
"Chickenpox has Arrived in Chula Vista
",Chula Vista,32.64005,-117.0842,US,0
"Syphilis Hits Jefferson
",Jefferson,38.86456,-77.18776,US,0
"Will HIV vaccine help Las Vegas?
",Las Vegas,36.17497,-115.13722,US,0
"Zika arrives in West Palm Beach
",West Palm Beach,26.71534,-80.05337,US,0
"Mobile authorities confirmed  spread  Bronchitis
",Mobile,30.694359999999996,-88.04305,US,0
"Zika spreads to Daytona Beach
",Daytona Beach,29.21081,-81.02283,US,0
"Lausanne Residents Recieve Meningitis vaccine
",Lausanne,46.516000000000005,6.63282,CH,4
"Rhinovirus Comes to San Jose
",San,13.30335,-4.89562,ML,9
"Spike  Chlamydia Cases in Farmington
",Farmington,37.780879999999996,-90.42179,US,0
"Authorities are Worried about  Spread  Rotavirus in Union
",Union,40.6976,-74.2632,US,0
"Rumors about Hepatitis D spreading in Albany have been refuted
",Albany,-35.026920000000004,117.88368999999999,AU,-1
"Zika symptoms spotted in Bello
",Bello,6.33732,-75.55795,CO,0
"Will Meningitis vaccine help Hamburg?
",Hamburg,53.57532,10.01534,DE,4
"Madera Patient in Critical Condition after Contracting Rabies
",Madera,29.193659999999998,-108.14684,MX,0
"Zika Virus Detected in Lubbock
",Lubbock,33.57786,-101.85517,US,0
"Malaria re-emerges in Boise
",Boise,43.6135,-116.20345,US,0
"Varicella re-emerges in Lagos
",Lagos,6.45407,3.3946699999999996,NG,5
"Vericella spreading in Ibadan
",Ibadan,7.377560000000001,3.90591,NG,5
"Schools in Birmingham Closed Due to Measles Outbreak
",Birmingham,52.48141999999999,-1.89983,GB,4
"How to Avoid Hepatitis B in Waldorf
",Waldorf,38.624559999999995,-76.93914000000001,US,0
"Tuberculosis Outbreak in Newark
",Newark,39.68372,-75.74965999999999,US,0
"Zika Virus Sparks 'International Concern'
",Sparks,39.534909999999996,-119.75268999999999,US,0
"Spike  Chlamydia Cases in Berlin
",Berlin,52.52437,13.41053,DE,4
"Zika-carrying mosquitoes discovered in Ardmore
",Ardmore,34.17426,-97.14363,US,0
"Zika Mosquitoes May Have Bred in Bromeliads, Florida Officials Say
",Florida,3.3223,-76.2348,CO,0
"More Livestock in Fontainebleau are infected with Mad Cow Disease
",Fontainebleau,48.409079999999996,2.7017700000000002,FR,4
"Frisco Woman Tests Positive For Zika Virus
",Frisco,33.15067,-96.82361,US,0
"Authorities are Worried about  Spread  Norovirus in Dubai
",Dubai,25.07725,55.30927,AE,-1
"Benton Residents Recieve Pneumonia vaccine
",Benton,34.56454,-92.58683,US,0
"Case  Hepatitis A Reported in Calgary
",Calgary,51.05011,-114.08528999999999,CA,0
"Zika Outbreak in Pinewood
",Pinewood,25.86898,-80.21699,US,0
"Will Swine Flu vaccine help Ljubljana?
",Ljubljana,46.05108,14.50513,SI,4
"Bronchitis re-emerges in Tehran
",Tehran,35.694390000000006,51.42151,IR,12
"Mad Cow case in Murcia
",Murcia,37.98704,-1.13004,ES,4
"Mad Cow Disease Spreads to Margate
",Margate,51.38132,1.3861700000000001,GB,4
"Zika Strikes St. Petersburg
",St. Petersburg,27.77086,-82.67926999999999,US,0
"Will  Mad Cow Outbreak Reach Vienna?
",Vienna,48.208490000000005,16.37208,AT,4
"More Patients in Orange are Getting Diagnosed with Chickenpox
",Orange,-33.283970000000004,149.10018,AU,8
"Lower Hospitalization in Richmond after Mumps Vaccine becomes Mandatory
",Richmond,-37.81819,145.00176000000002,AU,8
"Meningitis re-emerges in Medina
",Medina,21.149720000000002,-101.6225,MX,0
"Four cases  Zika in Hidalgo County
",Hidalgo,25.97205,-100.45029,MX,0
"Zika symptoms spotted in Hollywood
",Hollywood,26.0112,-80.14949,US,0
"Zika arrives in Oaxaca
",Oaxaca,17.06542,-96.72365,MX,0
"More people in Durham are infected with Chlamydia every year
",Durham,54.776759999999996,-1.57566,GB,4
"Authorities are Worried about  Spread  Gonorrhea in Taoyuan City
",Taoyuan City,24.993679999999998,121.29696000000001,TW,6
"Swine Flu re-emerges in La Jolla
",La Jolla,32.84727,-117.2742,US,0
"Tuberculosis Outbreak in Hartford
",Hartford,41.763709999999996,-72.68509,US,0
"Rumors about Mumps Spreading in New Bedford have been Refuted
",New Bedford,41.635259999999995,-70.92701,US,0
"Respiratory Syncytial Virus Vaccine is now Required in Tulsa
",Tulsa,36.15398,-95.99277,US,0
"More people in Indianapolis are infected with Norovirus every year
",Indianapolis,39.76838,-86.15804,US,0
"Lower Hospitalization in Dhaka after Measles Vaccine becomes Mandatory
",Dhaka,23.7104,90.40744000000001,BD,6
"Albany Residents Recieve Respiratory Syncytial Virus vaccine
",Albany,-35.026920000000004,117.88368999999999,AU,-1
"Rotavirus Vaccine is now Required in Starkville
",Starkville,33.45049,-88.81961,US,0
"More people in Nadi are infected with HIV every year
",Nadi,-17.80309,177.41617,FJ,-1
"Tocumen tests new cure for Hepatitis A
",Tocumen,9.08939,-79.3831,PA,0
"Phnom Penh hit by Zika Threat
",Phnom Penh,11.56245,104.91601000000001,KH,6
"Zika Troubles come to Harlingen
",Harlingen,53.174769999999995,5.42244,NL,4
"Zika spreads to Barranquilla
",Barranquilla,10.968539999999999,-74.78132,CO,0
"Milwaukee authorities confirmed  spread  Rhinovirus
",Milwaukee,43.0389,-87.90647,US,0
"Mad Cow Disease Hits Rotterdam
",Rotterdam,51.9225,4.47917,NL,4
"Zika symptoms spotted in Arlington
",Arlington,32.735690000000005,-97.10807,US,0
"West Nile Virus Hits Yogyakarta
",Yogyakarta,-7.80139,110.36471999999999,ID,-1
"More Patients in Dublin are Getting Diagnosed with Bronchitis
",Dublin,53.333059999999996,-6.24889,IE,4
"Rumors about Tuberculosis Spreading in Baud have been Refuted
",Baud,20.83773,84.32618000000001,IN,6
"Rumors about West Nile Virus Spreading in Salem have been Refuted
",Salem,11.65376,78.15538000000001,IN,6
"St. Catharines Patient in Critical Condition after Contracting Dengue
",St. Catharines,43.17126,-79.24266999999999,CA,0
"Outbreak  Zika in Pasig City
",Pasig City,14.586910000000001,121.0614,PH,3
"Zika Troubles come to Kampong Cham
",Kampong Cham,11.99339,105.4635,KH,6
"Zika case reported in Rizal
",Rizal,15.7118,121.1061,PH,3
"Zika Spreads to Palm Beach Gardens
",Palm Beach,-28.116940000000003,153.46584,AU,8
"More people in Saint Petersburg are infected with Varicella every year
",Saint Petersburg,59.93863,30.31413,RU,-1
"Spike  Herpes Cases in Meriden
",Meriden,41.53815,-72.80704,US,0
"Zika case reported in Abilene
",Abilene,32.44874,-99.73314,US,0
"Outbreak  Zika in Palm Springs
",Palm Springs,26.6359,-80.09615,US,0
"Halifax is infested with Swine Flu
",Halifax,44.64533,-63.572390000000006,CA,0
"Zika arrives in Natal
",Natal,-5.795,-35.20944,BR,1
"Herpes Keeps Spreading in Rochester
",Rochester,51.387640000000005,0.50546,GB,4
"Zika case reported in Phetchabun
",Phetchabun,16.41904,101.16056,TH,6
"How to Avoid Pneumonia in Bullhead City
",Bullhead City,35.14778,-114.5683,US,0
"West Nile Virus re-emerges in Wellington
",Wellington,52.7,-2.51667,GB,4
"Rumors about Pneumonia spreading in Ottawa have been refuted
",Ottawa,45.41117,-75.69811999999999,CA,0
"Meningitis re-emerges in Summerville
",Summerville,33.0185,-80.17565,US,0
"Pneumonia Symptoms Spread all over Bloomington
",Bloomington,39.16533,-86.52639,US,0
"More Patients in Stuttgart are Getting Diagnosed with Rabies
",Stuttgart,48.78232,9.177019999999999,DE,4
"Schools in Glasgow Closed Due to Hepatitis B Outbreak
",Glasgow,55.86515,-4.257630000000001,GB,4
"Phoenix Residents Recieve Syphilis vaccine
",Phoenix,33.44838,-112.07404,US,0
"Spanish flu spreading in Madrid
",Madrid,4.73245,-74.26419,CO,0
"Rabies Hits Madrid
",Madrid,4.73245,-74.26419,CO,0
"Zika Outbreak in Weslaco
",Weslaco,26.15952,-97.99084,US,0
"How to Avoid Chlamydia in Santiago
",Santiago,-29.191670000000002,-54.867219999999996,BR,2
"Rotavirus Vaccine is now Required in Las Cumbres
",Las Cumbres,9.089160000000001,-79.52809,PA,0
"Mumps Symptoms Spread all over Jefferson
",Jefferson,38.86456,-77.18776,US,0
"Mad Cow Outbreak Spreading in Ennis
",Ennis,52.84361,-8.98639,IE,4
"Southampton Patient in Critical Condition after Contracting Tuberculosis
",Southampton,50.90395,-1.40428,GB,4
"The Spread  Rhinovirus in Boardman has been Confirmed
",Boardman,41.024229999999996,-80.66285,US,0
"Richland Center is infested with Hepatitis B
",Richland,46.28569,-119.28446000000001,US,0
"Authorities are Worried about  Spread  Chickenpox in Richmond
",Richmond,-37.81819,145.00176000000002,AU,8
"Chikungunya re-emerges in Kobe
",Kobe,34.6913,135.183,JP,11
"Malaria Vaccine is now Required in Schenectady
",Schenectady,42.814240000000005,-73.93956999999999,US,0
"Hepatitis D has Arrived in Grenoble
",Grenoble,45.17869,5.71479,FR,4
"West Nile Virus Symptoms Spread all over Yerevan
",Yerevan,40.18111,44.51361,AM,12
"Zika Outbreak in Sincelejo
",Sincelejo,9.30472,-75.39778000000001,CO,0
"Rumors about HIV spreading in Montpellier have been refuted
",Montpellier,43.61092,3.8772300000000004,FR,4
"Praia tests new cure for Pneumonia
",Praia,14.93152,-23.512539999999998,CV,-1
"Lower Hospitalization in Lakewood after Hepatitis B Vaccine becomes Mandatory
",Lakewood,40.09789,-74.21764,US,0
"Zika spreads to Kuching
",Kuching,1.55,110.33333,MY,7
"Spike  Rotavirus Cases in Omaha
",Omaha,41.25626,-95.94043,US,0
"Tuberculosis re-emerges in Silver Springs
",Springs,-26.25,28.4,ZA,-1
"Will West Nile Virus vaccine help Coronado?
",Coronado,32.68589,-117.18308999999999,US,0
"Zika case confirmed in Lorain
",Lorain,41.45282,-82.18236999999999,US,0
"Chickenpox Hits Simpsonville
",Simpsonville,34.73706,-82.25428000000001,US,0
"Framingham Residents Receive Measles vaccine
",Framingham,42.27926,-71.41617,US,0
"Rumors about Mad Cow Disease Brighton have been Refuted
",Brighton,-37.905609999999996,145.00279,AU,8
"Zika case reported in Jacobina
",Jacobina,-11.18143,-40.51372,BR,1
"Bridgeport authorities confirmed  spread  West Nile Virus
",Bridgeport,41.83809,-87.65116,US,0
"Measles Vaccine is now Required in Wailuku
",Wailuku,20.89133,-156.50603999999998,US,-1
"More contaminated cattle reported in Bedford
",Bedford,52.13459,-0.46631999999999996,GB,4
"Zika in Tamarac!
",Tamarac,26.21286,-80.24977,US,0
"Will Measles vaccine help Milford?
",Milford,41.22232,-73.0565,US,0
"Spike  Norovirus Cases in Huddersfield
",Huddersfield,53.64904,-1.7841599999999997,GB,4
"Rhinovirus Hits Bakersfield
",Bakersfield,35.373290000000004,-119.01871000000001,US,0
"Lower Hospitalization in Papeete after Measles Vaccine becomes Mandatory
",Papeete,-17.537329999999997,-149.5665,PF,-1
"Zika arrives in Udon Thani
",Udon Thani,17.415670000000002,102.78589000000001,TH,6
"Spike  Dengue Cases in Stockholm
",Stockholm,59.33258000000001,18.0649,SE,4
"More people in Berkeley are infected with Swine Flu every year
",Berkeley,37.871590000000005,-122.27275,US,0
"Will Swine Flu vaccine help Annapolis?
",Annapolis,38.97845,-76.49218,US,0
"Lower Hospitalization in Monroe after Hepatitis D Vaccine becomes Mandatory
",Monroe,32.50931,-92.1193,US,0
"New medicine wipes out Dengue in Saginaw
",Saginaw,32.86013,-97.36391,US,0
"Spike  Rhinovirus Cases in Sevierville
",Sevierville,35.86815,-83.56184,US,0
"Duisburg up in Arms over Mad Cow Disease
",Duisburg,51.43247,6.765160000000001,DE,4
"New medicine wipes out Mumps in Saint Charles
",Saint Charles,38.60317,-76.93858,US,0
"Case  Chikungunya Reported in Gaithersburg
",Gaithersburg,39.143440000000005,-77.20137,US,0
"How to Avoid Respiratory Syncytial Virus in San Bernardino
",San,13.30335,-4.89562,ML,9
"Laventille authorities confirmed  spread  Rhinovirus
",Laventille,10.64917,-61.49889,TT,0
"More Zika patients reported in Waco
",Waco,31.549329999999998,-97.14667,US,0
"Will Herpes vaccine help Newcastle?
",Newcastle,-32.92953,151.7801,AU,8
"Erie County sets Zika traps
",Erie,42.129220000000004,-80.08506,US,0
"How to Avoid Norovirus in Greenville
",Greenville,5.01133,-9.0388,LR,-1
"More Zika patients reported in Calumpang
",Calumpang,14.6228,121.0897,PH,3
"Zika symptoms spotted in Quisqueya
",Quisqueya,18.55542,-69.40814,DO,0
"Zika symptoms spotted in Fortaleza
",Fortaleza,-3.7172199999999997,-38.54306,BR,1
"Rumors about Bronchitis spreading in Bundaberg have been refuted
",Bundaberg,-24.86621,152.3479,AU,8
"Hepatitis A re-emerges in Stamford
",Stamford,52.65,-0.48333000000000004,GB,4
"Schools in Huntington Closed Due to Rotavirus Outbreak
",Huntington,38.41925,-82.44515,US,0
"Will Mad Cow Vaccine Help Bristol?
",Bristol,51.45523,-2.59665,GB,4
"Chickenpox Comes to Stillwater
",Stillwater,36.11561,-97.05837,US,0
"The Spread  Meningitis in Imperial has been Confirmed
",Imperial,-13.05927,-76.35269,PE,0
"Case  Measles Reported in Springdale
",Springdale,36.18674,-94.12881,US,0
"Norwalk Encounters Severe Symptoms  Malaria
",Norwalk,41.1176,-73.4079,US,0
"Zika arrives in Orange City
",Orange,-33.283970000000004,149.10018,AU,8
"Pilsen Encounters Severe Symptoms  Malaria
",Pilsen,49.74747,13.37759,CZ,4
"Will Hepatitis B vaccine help La Paz?
",La Paz,-30.74179,-59.64516999999999,AR,2
"Zika Outbreak in Puducherry
",Puducherry,11.933810000000001,79.82979,IN,6
"More Zika patients reported in Carrollton
",Carrollton,33.58011,-85.07661,US,0
"Will Rabies vaccine help Tangier?
",Tangier,35.76727,-5.79975,MA,4
"Zika symptoms spotted in Iquitos
",Iquitos,-3.7491199999999996,-73.25383000000001,PE,0
"West Nile Virus Exposure in Racine
",Racine,42.72613,-87.78285,US,0
"The Spread  Hepatitis E in Lansing has been Confirmed
",Lansing,41.56476,-87.53893000000001,US,0
"West Nile Virus Exposure in Alpharetta
",Alpharetta,34.075379999999996,-84.29409,US,0
"Pedro Juan Caballero Encounters Severe Symptoms  Pneumonia
",Pedro Juan Caballero,-22.547220000000003,-55.73333,PY,2
"More Zika patients reported in Melbourne
",Melbourne,-37.814,144.96331999999998,AU,8
"Zika Troubles come to La Libertad
",La Libertad,-2.233,-80.91039,EC,0
"Herpes Vaccine is now Required in Mattoon
",Mattoon,39.483090000000004,-88.37283000000001,US,0
"Kent is infested with Rabies
",Kent,41.15367,-81.35789,US,0
"Zika symptoms spotted in Bonita Springs
",Bonita Springs,26.339809999999996,-81.7787,US,0
"The Spread  Malaria in Brazzaville has been Confirmed
",Brazzaville,-4.26613,15.283179999999998,CG,13
"More Zika patients reported in Fort Myers
",Fort Myers,26.621679999999998,-81.84059,US,0
"Zika spreads to Lewisville
",Lewisville,33.04623,-96.99417,US,0
"Ogden is infested with Gonorrhea
",Ogden,41.223,-111.97383,US,0
"Fort Hood Reports its First Zika Patient
",Fort Hood,31.134890000000002,-97.77561,US,0
"Huzhou Residents Receive Hepatitis B vaccine
",Huzhou,30.8703,120.0933,CN,6
"New medicine wipes out Rabies in Newburgh
",Newburgh,41.50343,-74.01042,US,0
"Iowa City Encounters Severe Symptoms  Rhinovirus
",Iowa City,41.66113,-91.53017,US,0
"Spike  Rabies Cases in Managua
",Managua,12.132819999999999,-86.2504,NI,0
"Outbreak  Zika in Santa Elena
",Santa Elena,-30.94432,-59.78832,AR,2
"Mumps Hits Howard Beach
",Howard Beach,40.65788,-73.83625,US,0
"The Spread  Gonorrhea in Reno has been Confirmed
",Reno,39.52963,-119.8138,US,0
"How to Avoid Rhinovirus in Plainfield
",Plainfield,39.704209999999996,-86.39944,US,0
"Rumors about Varicella spreading in Carlsbad have been refuted
",Carlsbad,33.15809,-117.35059,US,0
"Scranton authorities confirmed  spread  Gonorrhea
",Scranton,41.40916,-75.6649,US,0
"Mad Cow Disease Disastrous to Brussels
",Brussels,50.85045,4.3487800000000005,BE,4
"Zika spreads to Olinda
",Olinda,-8.00889,-34.85528,BR,1
"Hallandale Beach  Victim  Zika Outbreak
",Hallandale Beach,25.9812,-80.14838,US,0
"Rhinovirus re-emerges in Storrs
",Storrs,41.80843,-72.24951999999999,US,0
"Germantown authorities confirmed  spread  Chickenpox
",Germantown,39.173159999999996,-77.27165,US,0
"Rumors about Rotavirus spreading in North Platte have been refuted
",North Platte,41.12389,-100.76541999999999,US,0
"Spike  Hepatitis C Cases in Golden
",Golden,39.75554,-105.2211,US,0
"Authorities are Worried about  Spread  Hepatitis D in Ganja
",Ganja,40.68278,46.36056,AZ,12
"Dengue Exposure in Kathmandu
",Kathmandu,27.701690000000003,85.3206,NP,6
"Tuberculosis has Arrived in Fairfield
",Fairfield,-33.86667,150.95,AU,8
"Outbreak  Zika in Kozhikode
",Kozhikode,11.24802,75.7804,IN,6
"Bronchitis Symptoms Spread all over Santa Fe
",Santa Fe,-31.648809999999997,-60.70868000000001,AR,2
"More Patients in Alexandria are Getting Diagnosed with Mumps
",Alexandria,31.201759999999997,29.91582,EG,14
"Pneumonia Exposure in Alhambra
",Alhambra,34.095290000000006,-118.12701000000001,US,0
"Hepatitis C re-emerges in Damascus
",Damascus,33.5102,36.29128,SY,14
"Lower Hospitalization in Pekanbaru after Rotavirus Vaccine becomes Mandatory
",Pekanbaru,0.51667,101.44167,ID,7
"Schools in Bentonville Closed Due to Hepatitis B Outbreak
",Bentonville,36.37285,-94.20881999999999,US,0
"Hepatitis E Hits Hammond
",Hammond,30.50463,-90.46293,US,0
"Schools in Bridgeton Closed Due to Mumps Outbreak
",Bridgeton,39.42734,-75.23408,US,0
"Biloxi Residents Recieve Chlamydia vaccine
",Biloxi,30.39603,-88.88531,US,0
"Case  Mad Cow Disease Reported in Hilden
",Hilden,51.16818,6.93093,DE,4
"Rumors about Rabies Spreading in Khartoum have been Refuted
",Khartoum,15.551770000000001,32.53241,SD,-1
"Harare is infested with Pneumonia
",Harare,-17.827720000000003,31.05337,ZW,-1
"Zika symptoms spotted in Sibu
",Sibu,2.3,111.81667,MY,7
"Zika arrives in Quezon
",Quezon,15.5512,120.8147,PH,3
"More Patients in Crawfordsville are Getting Diagnosed with Rabies
",Crawfordsville,40.04115,-86.87445,US,0
"Spike  Hepatitis B Cases in Greenville
",Greenville,5.01133,-9.0388,LR,-1
"Authorities are Worried about  Spread  Hepatitis D in Akron
",Akron,41.08144,-81.51901,US,0
"More Zika patients reported in Nuevo Laredo
",Nuevo Laredo,27.476290000000002,-99.51639,MX,0
"Bronchitis Keeps Spreading in San Mateo
",San,13.30335,-4.89562,ML,9
"Zika arrives in Boca Raton
",Boca Raton,26.358690000000003,-80.0831,US,0
"Bradenton Experiences Zika Troubles  
",Bradenton,27.498929999999998,-82.57481999999999,US,0
"Chlamydia Symptoms Spread all over University City
",University City,38.655879999999996,-90.30928,US,0
"Wisconsin Rapids Patient in Critical Condition after Contracting Chickenpox
",Wisconsin Rapids,44.38358,-89.81735,US,0
"Zika spreads to Kissimmee
",Kissimmee,28.304679999999998,-81.41667,US,0
"Herpes Symptoms Spread all over Fremont
",Fremont,41.43333,-96.49808,US,0
"Spike  Pneumonia Cases in The Bronx
",The Bronx,40.84985,-73.86641,US,0
"Authorities are Worried about  Spread  Hepatitis D in North Bay
",North Bay,46.3168,-79.46633,CA,0
"The Spread  Herpes in Baku has been Confirmed
",Baku,40.37767,49.89201,AZ,12
"Will Measles vaccine help Sochi?
",Sochi,43.59917,39.72569,RU,12
"Tuberculosis Symptoms Spread all over Caguas
",Caguas,18.23412,-66.0485,PR,0
"HIV has Arrived in Tacoma
",Tacoma,47.25288,-122.44429,US,0
"Malaria re-emerges in Nashua
",Nashua,42.765370000000004,-71.46757,US,0
"Arvada is infested with Syphilis
",Arvada,39.80276,-105.08748,US,0
"Spike  Syphilis Cases in West Monroe
",Monroe,32.50931,-92.1193,US,0
"Deerfield tests new cure for Measles
",Deerfield,42.17114,-87.84451,US,0
"Contaminated Meat Brings Trouble for Bonn Farmers
",Bonn,50.73438,7.09549,DE,4
"Hepatitis A re-emerges in Foster City
",Foster City,37.55855,-122.27108,US,0
"How to Avoid Tuberculosis in Santa Monica
",Santa Monica,34.01945,-118.49118999999999,US,0
"Zika reported in Fort Pierce
",Fort Pierce,27.446709999999996,-80.32561,US,0
"Authorities are Worried about  Spread  Syphilis in Pyongyang
",Pyongyang,39.03385,125.75431999999999,KP,-1
"Zika spreads to Winter Park
",Winter Park,28.6,-81.33924,US,0
"Durango is infested with Hepatitis B
",Durango,43.171240000000004,-2.6338,ES,4
"Hepatitis A has not Left Staten Island
",Staten Island,40.562329999999996,-74.13986,US,0
"Mpika authorities confirmed  spread  Chikungunya
",Mpika,-11.83431,31.45287,ZM,-1
"Gladstone Encounters Severe Symptoms  Dengue
",Gladstone,-23.84852,151.25775,AU,8
"Mad Cow Disease Hits London
",London,42.98339,-81.23304,CA,0
"New Milford Patient in Critical Condition after Contracting Respiratory Syncytial Virus
",New Milford,40.9351,-74.01903,US,0
"More people in Palo Alto are infected with HIV every year
",Palo,11.1575,124.99083,PH,3
"HIV Symptoms Spread all over Hinthada
",Hinthada,17.64944,95.45705,MM,6
"Zika symptoms spotted in Quito
",Quito,-0.22985,-78.52495,EC,0
"Vineland authorities confirmed  spread  Chlamydia
",Vineland,39.48623,-75.02573000000001,US,0
"Sulu, Zamboanga brace for Zika
",Zamboanga,6.91028,122.07388999999999,PH,3
"Tupelo Residents Recieve Syphilis vaccine
",Tupelo,34.258070000000004,-88.70464,US,0
"Spanish Flu Outbreak in Lisbon
",Lisbon,38.71667,-9.13333,PT,4
"Spanish Flu Spreading through Madrid
",Madrid,4.73245,-74.26419,CO,0
"Barcelona Struck by Spanish Flu
",Barcelona,41.38879,2.15899,ES,4
"Spanish Flu Outbreak in Lisbon
",Lisbon,38.71667,-9.13333,PT,4
"Spanish Flu Spreading through Madrid
",Madrid,4.73245,-74.26419,CO,0
"Barcelona Struck by Spanish Flu 
",Barcelona,41.38879,2.15899,ES,4
"The Spread  Dengue in Yakima has been Confirmed
",Yakima,46.60207,-120.5059,US,0
"Tuberculosis Hits Luanda
",Luanda,-8.83682,13.23432,AO,13
"Will West Nile Virus vaccine help Dumai?
",Dumai,1.6671099999999999,101.44315999999999,ID,7
"Rumors about Chlamydia spreading in Redmond have been refuted
",Redmond,44.27262,-121.17392,US,0
"Case  Varicella Reported in Concord
",Concord,38.5245,-90.35734000000001,US,0
"Zika virus case reported in Rockland
",Rockland,42.13066,-70.91615999999999,US,0
"Zika investigators coming to Mankato
",Mankato,44.15906,-94.00915,US,0
"Toms River Encounters Severe Symptoms  Respiratory Syncytial Virus
",Toms River,39.95373,-74.19792,US,0
"The Spread  Malaria in Zanzibar has been Confirmed
",Zanzibar,-6.16394,39.19793,TZ,10
"Malaria Outbreak Hits Zanzibar's Tourist Industry
",Zanzibar,-6.16394,39.19793,TZ,10
"Tourist Perishes from Malaria in Arusha
",Arusha,-3.3666699999999996,36.68333,TZ,10
"Herpes Symptoms Spread all over New Kingston
",New Kingston,18.00747,-76.78319,JM,0
"More people in Yokohama are infected with Norovirus every year
",Yokohama,35.43333,139.65,JP,11
"More people in Kitwe are infected with Respiratory Syncytial Virus every year
",Kitwe,-12.802430000000001,28.21323,ZM,-1
"Hepatitis D Keeps Spreading in Bismarck
",Bismarck,46.80833,-100.78374000000001,US,0
"Varicella Outbreak in Minot
",Minot,48.23251,-101.29626999999999,US,0
"Malaria has Arrived in Terrebonne
",Terrebonne,45.70004,-73.64732,CA,0
"Chikungunya Keeps Spreading in North Vancouver
",North Vancouver,49.316359999999996,-123.06934,CA,0
"Authorities are Worried about  Spread  Chickenpox in Hemet
",Hemet,33.747609999999995,-116.97306999999999,US,0
"Rumors about Hepatitis C spreading in Darien have been refuted
",Darien,3.93135,-76.48481,CO,0
"The Spread  West Nile Virus in Fairfield has been Confirmed
",Fairfield,-33.86667,150.95,AU,8
"Princeton Encounters Severe Symptoms  Dengue
",Princeton,25.538439999999998,-80.40894,US,0
"Norovirus Keeps Spreading in Copenhagen
",Copenhagen,55.675940000000004,12.56553,DK,4
"Wuhan is infested with Varicella
",Wuhan,30.58333,114.26666999999999,CN,6
"Zika spreads to San Luis Potosi
",San Luis,-33.29501,-66.33563000000001,AR,2
"Spike  Norovirus Cases in Canberra
",Canberra,-35.28346,149.12807,AU,8
"Zika Troubles come to Greater Noida
",Greater Noida,28.49615,77.53601,IN,6
"Lower Hospitalization in Palm Springs after Hepatitis A Vaccine becomes Mandatory
",Palm Springs,26.6359,-80.09615,US,0
"Outbreak  Zika in Leesburg
",Leesburg,28.81082,-81.87786,US,0
"Sangre Grande Residents Recieve Gonorrhea vaccine
",Sangre Grande,10.58705,-61.13008000000001,TT,0
"Outbreak  Zika in Colombo
",Colombo,-25.29167,-49.22417,BR,2
"Will Rotavirus vaccine help Addis Ababa?
",Addis Ababa,9.02497,38.74689,ET,-1
"Stony Brook University experts discuss Zika virus
",University,28.073890000000002,-82.43902,US,0
"Lower Hospitalization in Janesville after Varicella Vaccine becomes Mandatory
",Janesville,42.682790000000004,-89.01872,US,0
"Rabies Outbreak in Altus
",Altus,34.63813,-99.33398000000001,US,0
"Miami resident suggests Zika precautions
",Miami,25.77427,-80.19366,US,0
"Zika Troubles come to Jaen
",Jaen,15.3275,120.9192,PH,3
"Hepatitis B Exposure in Edinburgh
",Edinburgh,55.952059999999996,-3.1964799999999998,GB,4
"Zika case reported in Reynosa
",Reynosa,26.08061,-98.28835,MX,0
"Schools in Tulare Closed Due to Mumps Outbreak
",Tulare,36.20773,-119.34733999999999,US,0
"More Zika patients reported in Chennai
",Chennai,13.08784,80.27847,IN,6
"Hepatitis D Keeps Spreading in Danvers
",Danvers,42.57509,-70.93005,US,0
"Authorities  Miami
",Miami,25.77427,-80.19366,US,0
"Spike  Tuberculosis Cases in Albuquerque
",Albuquerque,35.08449,-106.65113999999998,US,0
"More people in Cranford are infected with Hepatitis A every year
",Cranford,40.65844,-74.29959000000001,US,0
"West Nile Virus Hits Monroe
",Monroe,32.50931,-92.1193,US,0
"Pneumonia Outbreak in Springville
",Springville,40.16523,-111.61075,US,0
"Zika arrives in San Onofre
",San Onofre,9.73586,-75.52626,CO,0
"Lung Cancer Rates Increasing in Moscow
",Moscow,55.752219999999994,37.615559999999995,RU,-1
"Rumors about Rotavirus Spreading in Joliet have been Refuted
",Joliet,41.52519,-88.0834,US,0
"More Zika patients reported in Chanthaburi
",Chanthaburi,12.60961,102.10446999999999,TH,6
"Lawrenceville is infested with Dengue
",Lawrenceville,33.95621,-83.98796,US,0
"Zika case reported in Limoeiro
",Limoeiro,-7.87472,-35.45028,BR,1
"Ibadan tests new cure for Malaria
",Ibadan,7.377560000000001,3.90591,NG,5
"Gonorrhea has Arrived in Avon Lake
",Avon,48.402190000000004,2.72022,FR,4
"Pneumonia has not Left Kinshasa
",Kinshasa,-4.32758,15.31357,CD,13
"Respiratory Syncytial Virus Hits Henderson
",Henderson,37.83615,-87.59000999999999,US,0
"More Zika patients reported in Lakeland
",Lakeland,28.03947,-81.9498,US,0
"Malaria Vaccine is now Required in Winona
",Winona,44.04996,-91.63932,US,0
"More Patients in Canton are Getting Diagnosed with Norovirus
",Canton,34.23676,-84.49076,US,0
"Ronkonkoma is infested with Chickenpox
",Ronkonkoma,40.81538,-73.11233,US,0
"Gonorrhea Exposure in Norwalk
",Norwalk,41.1176,-73.4079,US,0
"How to Avoid Rhinovirus in Medford
",Medford,42.41843,-71.10616,US,0
"Hepatitis D Symptoms Spread all over Evansville
",Evansville,37.974759999999996,-87.55585,US,0
"New medicine wipes out Herpes in Bossier City
",Bossier City,32.51599,-93.73212,US,0
"Pneumonia Exposure in San Jose
",San,13.30335,-4.89562,ML,9
"Authorities are Worried about  Spread  Mad Cow Disease in Edinburgh
",Edinburgh,55.952059999999996,-3.1964799999999998,GB,4
"Duluth Patient in Critical Condition after Contracting Rotavirus
",Duluth,34.00288,-84.14464,US,0
"Norfolk tests new cure for Herpes
",Norfolk,36.84681,-76.28522,US,0
"More Zika patients reported in Botucatu
",Botucatu,-22.88583,-48.445,BR,2
"Manassas Encounters Severe Symptoms  Measles
",Manassas,38.75095,-77.47527,US,0
"Fayetteville authorities confirmed  spread  HIV
",Fayetteville,36.06258,-94.15743,US,0
"Varicella Exposure in Cambridge
",Cambridge,43.3601,-80.31269,CA,0
"Hepatitis A Vaccine is now Required in Fukushima
",Fukushima,37.75,140.46667,JP,11
"Zika Outbreak in South Miami
",Miami,25.77427,-80.19366,US,0
"Hepatitis D Symptoms Spread all over North Bethesda
",North Bethesda,39.04455,-77.11887,US,0
"Panama City’s first Zika related death
",Panama City,30.15946,-85.65983,US,0
"West Nile Virus has Arrived in Dongguan
",Dongguan,23.017970000000002,113.74866000000002,CN,6
"Zika arrives in Belmopan
",Belmopan,17.25,-88.76666999999999,BZ,0
"Zika seminars in Yuma County
",Yuma,32.72532,-114.6244,US,0
"Rumors about Hepatitis E Spreading in Morristown have been Refuted
",Morristown,36.21398,-83.29489000000001,US,0
"Mumps Outbreak in Joplin
",Joplin,37.08423,-94.51328000000001,US,0
"Authorities are Worried about  Spread  Mumps in Corona
",Corona,40.74705,-73.86014,US,0
"Schools in Danville Closed Due to Tuberculosis Outbreak
",Danville,37.64563,-84.77216999999999,US,0
"Marquette tests new cure for Hepatitis A
",Marquette,46.54354,-87.39542,US,0
"Norovirus Vaccine is now Required in Anaheim
",Anaheim,33.83529,-117.9145,US,0
"Zika Outbreak in Manaus
",Manaus,-3.1019400000000004,-60.025,BR,-1
"Zika spreads to Caucasia
",Caucasia,7.98654,-75.19349,CO,0
"Case  Malaria Reported in Aurora
",Aurora,44.00011,-79.46632,CA,0
"Manchester Residents Recieve Influenza vaccine
",Manchester,53.48095,-2.23743,GB,4
"Zika spreads to Kamphaeng Phet
",Kamphaeng Phet,16.483439999999998,99.52153,TH,6
"Rotavirus Vaccine is now Required in Labasa
",Labasa,-16.4332,179.36451,FJ,-1
"The Spread  Hepatitis E in Fargo has been Confirmed
",Fargo,46.87719,-96.7898,US,0
"Zika Outbreak in Mexicali
",Mexicali,32.62781,-115.45446000000001,MX,0
"West Nile Virus Keeps Spreading in Hauppauge
",Hauppauge,40.82565,-73.20260999999999,US,0
"Bronchitis Keeps Spreading in Hayward
",Hayward,37.668820000000004,-122.0808,US,0
"Zika spreads to Plant City
",Plant City,28.01888,-82.11469,US,0
"Chlamydia Exposure in Sanaa
",Sanaa,15.35472,44.20667,YE,-1
"Zika Reported in North Miami Beach
",North Miami,25.89009,-80.18670999999999,US,0
"More Patients in Kensington are Getting Diagnosed with Varicella
",Kensington,-33.920190000000005,151.22241,AU,8
"Case  West Nile Virus Reported in Riverside
",Riverside,39.77978,-84.1241,US,0
"Northfield Encounters Severe Symptoms  Herpes
",Northfield,44.4583,-93.1616,US,0
"The Spread  Respiratory Syncytial Virus in Monroe has been Confirmed
",Monroe,32.50931,-92.1193,US,0
"How to Avoid Hepatitis B in Trenton
",Trenton,42.13949,-83.17826,US,0
"Zika Reported in Ilopango
",Ilopango,13.701670000000002,-89.10944,SV,0
"Barstow Patient in Critical Condition after Contracting Herpes
",Barstow,34.898590000000006,-117.02282,US,0
"Hepatitis D Exposure in Aswan
",Aswan,24.09082,32.89942,EG,14
"Will Gonorrhea vaccine help East Moline?
",East Moline,41.50087,-90.4443,US,0
"New medicine wipes out Influenza in Redlands
",Redlands,34.05557,-117.18253999999999,US,0
"How to Avoid Contaminated Meat when Visiting Basel
",Basel,47.55839,7.57327,CH,4
"More Zika patients reported in Kampong Speu
",Kampong Speu,11.45332,104.52085,KH,6
"Alameda Residents Recieve Rabies vaccine
",Alameda,37.765209999999996,-122.24163999999999,US,0
"Mad Cow Disease Detected in Lyon
",Lyon,45.748459999999994,4.84671,FR,4
"Memphis Encounters Severe Symptoms  Swine Flu
",Memphis,35.14953,-90.04898,US,0
"Zika Troubles come to Delray Beach
",Delray Beach,26.46146,-80.07282,US,0
"How to Avoid Chikungunya in Hampton
",Hampton,51.413340000000005,-0.36701,GB,4
"Case  Norovirus Reported in Stratford
",Stratford,43.36679,-80.94972,CA,0
"How to Avoid Hepatitis E in South Bend
",South Bend,41.68338,-86.25001,US,0
"Hepatitis C Outbreak in Bethlehem
",Bethlehem,31.70487,35.203759999999996,PS,14
"Davenport is infested with Dengue
",Davenport,41.52364,-90.57764,US,0
"Rumors about Swine Flu spreading in Suzhou have been refuted
",Suzhou,33.636109999999995,116.97888999999999,CN,6
"Malaria Vaccine is now Required in Elyria
",Elyria,41.36838,-82.10765,US,0
"Case  Swine Flu Reported in Tbilisi
",Tbilisi,41.694109999999995,44.83368,GE,12
"Influenza Keeps Spreading in Suffolk
",Suffolk,36.728359999999995,-76.58496,US,0
"More people in Allentown are infected with Chlamydia every year
",Allentown,40.60843,-75.49018000000001,US,0
"Mad Cow Disease re-emerges in Bedford
",Bedford,52.13459,-0.46631999999999996,GB,4
"Authorities are Worried about  Spread  Hepatitis B in Yiwu
",Yiwu,29.31506,120.07676000000001,CN,6
"Zika Outbreak in Yurimaguas
",Yurimaguas,-5.90181,-76.12234000000001,PE,0
"Dengue Outbreak in Easton
",Easton,38.77428,-76.07633,US,0
"Varicella has Arrived in Milton
",Milton,43.51681,-79.88294,CA,0
"New medicine wipes out Meningitis in Sevilla
",Sevilla,4.26425,-75.93085,CO,0
"Authorities are Worried about  Spread  Varicella in Clovis
",Clovis,36.82523,-119.70291999999999,US,0
"More Zika patients reported in Fort Worth
",Fort Worth,32.72541,-97.32085,US,0
"Zika symptoms spotted in Boynton Beach
",Boynton Beach,26.52535,-80.06643000000001,US,0
"Outbreak  Zika in Portoviejo
",Portoviejo,-1.0545799999999999,-80.45445,EC,0
"Influenza Exposure in Muscat
",Muscat,23.58413,58.40778,OM,-1
"Rumors about Rabies spreading in Jerusalem have been refuted
",Jerusalem,31.769040000000004,35.21633,IL,14
"More Zika patients reported in Indang
",Indang,14.195279999999999,120.87693999999999,PH,3
"Suva authorities confirmed  spread  Rotavirus
",Suva,-18.14161,178.44149,FJ,-1
"More Zika patients reported in Bella Vista
",Bella Vista,-27.034240000000004,-65.30196,AR,2
"Zika Outbreak in Wichita Falls
",Wichita,37.692240000000005,-97.33754,US,0
